Date,Price,Change %
5/13/2013,78.07,0.00%
5/14/2013,78.02,-0.06%
5/15/2013,78.02,0.00%
5/16/2013,78.02,0.00%
5/17/2013,78,-0.03%
5/20/2013,78.02,0.03%
5/21/2013,78.01,-0.01%
5/22/2013,77.99,-0.03%
5/23/2013,77.97,-0.03%
5/24/2013,77.93,-0.05%
5/27/2013,78.02,0.12%
5/28/2013,78,-0.03%
5/29/2013,78,0.00%
5/30/2013,78,0.00%
5/31/2013,77.97,-0.04%
6/3/2013,77.97,0.00%
6/4/2013,77.97,0.00%
6/5/2013,77.97,0.00%
6/6/2013,78,0.04%
6/7/2013,77.98,-0.03%
6/10/2013,77.97,-0.01%
6/11/2013,77.99,0.03%
6/12/2013,78,0.01%
6/13/2013,77.98,-0.03%
6/14/2013,77.97,-0.01%
6/17/2013,77.97,0.00%
6/18/2013,77.98,0.01%
6/19/2013,77.98,0.00%
6/20/2013,77.97,-0.01%
6/21/2013,77.95,-0.03%
6/24/2013,77.9,-0.06%
6/25/2013,77.85,-0.06%
6/26/2013,77.83,-0.03%
6/27/2013,77.97,0.18%
6/28/2013,77.95,-0.03%
7/1/2013,77.98,0.04%
7/2/2013,78,0.03%
7/3/2013,77.99,-0.01%
7/4/2013,77.77,-0.28%
7/5/2013,78,0.30%
7/8/2013,77.98,-0.03%
7/9/2013,77.99,0.01%
7/10/2013,77.97,-0.03%
7/11/2013,77.95,-0.03%
7/12/2013,77.95,0.00%
7/15/2013,77.97,0.03%
7/16/2013,77.95,-0.03%
7/17/2013,77.93,-0.03%
7/18/2013,77.92,-0.01%
7/19/2013,77.9,-0.03%
7/22/2013,77.98,0.10%
7/23/2013,77.76,-0.28%
7/24/2013,77.95,0.24%
7/25/2013,77.97,0.03%
7/26/2013,77.95,-0.03%
7/29/2013,77.9,-0.06%
7/30/2013,77.97,0.09%
7/31/2013,77.95,-0.03%
8/1/2013,77.92,-0.04%
8/2/2013,77.9,-0.03%
8/5/2013,77.97,0.09%
8/6/2013,77.95,-0.03%
8/7/2013,77.97,0.03%
8/8/2013,77.95,-0.03%
8/9/2013,77.93,-0.03%
8/12/2013,77.97,0.05%
8/13/2013,77.95,-0.03%
8/14/2013,77.97,0.03%
8/15/2013,77.95,-0.03%
8/16/2013,77.95,0.00%
8/19/2013,77.93,-0.03%
8/20/2013,77.15,-1.00%
8/21/2013,76.98,-0.22%
8/22/2013,76.85,-0.17%
8/23/2013,76.85,0.00%
8/26/2013,77.15,0.39%
8/27/2013,77.47,0.41%
8/28/2013,77.47,0.00%
8/29/2013,77.47,0.00%
8/30/2013,77.47,0.00%
9/2/2013,77.97,0.65%
9/3/2013,77.47,-0.64%
9/4/2013,77.47,0.00%
9/5/2013,77.47,0.00%
9/6/2013,77.1,-0.48%
9/9/2013,77.1,0.00%
9/10/2013,77.47,0.48%
9/11/2013,77.47,0.00%
9/12/2013,77.47,0.00%
9/13/2013,77.47,0.00%
9/16/2013,77.47,0.00%
9/17/2013,77.47,0.00%
9/18/2013,77.47,0.00%
9/19/2013,77.47,0.00%
9/20/2013,77.47,0.00%
9/23/2013,77.47,0.00%
9/24/2013,77.47,0.00%
9/25/2013,77.47,0.00%
9/26/2013,77.97,0.65%
9/27/2013,77.47,-0.64%
9/30/2013,77.47,0.00%
10/1/2013,77.97,0.65%
10/2/2013,77.97,0.00%
10/3/2013,77.49,-0.62%
10/4/2013,77.47,-0.03%
10/7/2013,77.47,0.00%
10/8/2013,77.47,0.00%
10/9/2013,77.47,0.00%
10/10/2013,77.47,0.00%
10/11/2013,77.97,0.65%
10/14/2013,77.97,0.00%
10/15/2013,77.97,0.00%
10/16/2013,77.97,0.00%
10/17/2013,77.97,0.00%
10/18/2013,77.97,0.00%
10/21/2013,77.47,-0.64%
10/22/2013,77.47,0.00%
10/23/2013,77.9,0.56%
10/24/2013,77.82,-0.10%
10/25/2013,77.82,0.00%
10/28/2013,77.32,-0.64%
10/29/2013,77.32,0.00%
10/30/2013,77.32,0.00%
10/31/2013,77.32,0.00%
11/1/2013,77.32,0.00%
11/4/2013,77.8,0.62%
11/5/2013,77.78,-0.03%
11/6/2013,77.83,0.06%
11/7/2013,77.83,0.00%
11/8/2013,77.8,-0.04%
11/11/2013,77.8,0.00%
11/12/2013,77.8,0.00%
11/13/2013,77.83,0.04%
11/14/2013,77.83,0.00%
11/15/2013,77.78,-0.06%
11/18/2013,77.78,0.00%
11/19/2013,77.75,-0.04%
11/20/2013,77.77,0.03%
11/21/2013,77.79,0.03%
11/22/2013,77.8,0.01%
11/25/2013,77.8,0.00%
11/26/2013,77.8,0.00%
11/27/2013,77.8,0.00%
11/28/2013,77.8,0.00%
11/29/2013,77.8,0.00%
12/2/2013,77.78,-0.03%
12/3/2013,77.77,-0.01%
12/4/2013,77.82,0.06%
12/5/2013,77.77,-0.06%
12/6/2013,77.77,0.00%
12/9/2013,77.82,0.06%
12/10/2013,77.8,-0.03%
12/11/2013,77.79,-0.01%
12/12/2013,77.8,0.01%
12/13/2013,77.79,-0.01%
12/16/2013,77.75,-0.05%
12/17/2013,77.77,0.03%
12/18/2013,77.78,0.01%
12/19/2013,77.77,-0.01%
12/20/2013,77.8,0.04%
12/23/2013,77.78,-0.03%
12/24/2013,77.43,-0.45%
12/25/2013,77.43,0.00%
12/26/2013,77.4,-0.04%
12/27/2013,77.35,-0.06%
12/30/2013,77.43,0.10%
12/31/2013,77.41,-0.03%
1/1/2014,77.41,0.00%
1/2/2014,77.4,-0.01%
1/3/2014,77.37,-0.04%
1/6/2014,77.8,0.56%
1/7/2014,77.42,-0.49%
1/8/2014,77.95,0.68%
1/9/2014,77.95,0.00%
1/10/2014,77.95,0.00%
1/13/2014,77.42,-0.68%
1/14/2014,77.78,0.46%
1/15/2014,77.86,0.10%
1/16/2014,77.4,-0.59%
1/17/2014,77.78,0.49%
1/20/2014,77.44,-0.44%
1/21/2014,77.4,-0.05%
1/22/2014,77.43,0.04%
1/23/2014,77.77,0.44%
1/24/2014,77.73,-0.05%
1/27/2014,77.43,-0.39%
1/28/2014,77.75,0.41%
1/29/2014,77.77,0.03%
1/30/2014,77.78,0.01%
1/31/2014,77.77,-0.01%
2/3/2014,77.79,0.03%
2/4/2014,77.77,-0.03%
2/5/2014,77.75,-0.03%
2/6/2014,77.75,0.00%
2/7/2014,77.77,0.03%
2/10/2014,77.77,0.00%
2/11/2014,77.42,-0.45%
2/12/2014,77.85,0.56%
2/13/2014,77.42,-0.55%
2/14/2014,77.75,0.43%
2/17/2014,77.75,0.00%
2/18/2014,77.8,0.06%
2/19/2014,77.82,0.03%
2/20/2014,77.73,-0.12%
2/21/2014,77.71,-0.03%
2/24/2014,77.7,-0.01%
2/25/2014,77.68,-0.03%
2/26/2014,77.67,-0.01%
2/27/2014,77.62,-0.06%
2/28/2014,77.62,0.00%
3/3/2014,77.58,-0.05%
3/4/2014,77.97,0.50%
3/5/2014,77.9,-0.09%
3/6/2014,77.88,-0.03%
3/7/2014,77.87,-0.01%
3/10/2014,77.82,-0.06%
3/11/2014,77.8,-0.03%
3/12/2014,77.75,-0.06%
3/13/2014,77.72,-0.04%
3/14/2014,77.68,-0.05%
3/17/2014,77.65,-0.04%
3/18/2014,77.87,0.28%
3/19/2014,77.87,0.00%
3/20/2014,77.83,-0.05%
3/21/2014,77.78,-0.06%
3/24/2014,77.7,-0.10%
3/25/2014,77.72,0.03%
3/26/2014,77.68,-0.05%
3/27/2014,77.65,-0.04%
3/28/2014,77.62,-0.04%
3/31/2014,77.79,0.22%
4/1/2014,77.77,-0.03%
4/2/2014,77.77,0.00%
4/3/2014,77.73,-0.05%
4/4/2014,77.72,-0.01%
4/7/2014,77.68,-0.05%
4/8/2014,77.77,0.12%
4/9/2014,77.77,0.00%
4/10/2014,77.75,-0.03%
4/11/2014,77.72,-0.04%
4/14/2014,77.7,-0.03%
4/15/2014,77.67,-0.04%
4/16/2014,77.65,-0.03%
4/17/2014,77.65,0.00%
4/18/2014,77.65,0.00%
4/21/2014,77.65,0.00%
4/22/2014,77.63,-0.03%
4/23/2014,77.63,0.00%
4/24/2014,77.6,-0.04%
4/25/2014,77.58,-0.03%
4/28/2014,77.55,-0.04%
4/29/2014,77.78,0.30%
4/30/2014,77.78,0.00%
5/1/2014,77.77,-0.01%
5/2/2014,77.75,-0.03%
5/5/2014,77.8,0.06%
5/6/2014,77.77,-0.04%
5/7/2014,77.78,0.01%
5/8/2014,77.75,-0.04%
5/9/2014,77.73,-0.03%
5/12/2014,77.7,-0.04%
5/13/2014,77.67,-0.04%
5/14/2014,77.78,0.14%
5/15/2014,77.68,-0.13%
5/16/2014,77.65,-0.04%
5/19/2014,77.57,-0.10%
5/20/2014,77.67,0.13%
5/21/2014,77.69,0.03%
5/22/2014,77.67,-0.03%
5/23/2014,77.65,-0.03%
5/26/2014,77.63,-0.03%
5/27/2014,77.6,-0.04%
5/28/2014,77.57,-0.04%
5/29/2014,77.63,0.08%
5/30/2014,77.61,-0.03%
6/2/2014,77.6,-0.01%
6/3/2014,77.6,0.00%
6/4/2014,77.67,0.09%
6/5/2014,77.63,-0.05%
6/6/2014,77.63,0.00%
6/9/2014,77.67,0.05%
6/10/2014,77.67,0.00%
6/11/2014,77.77,0.13%
6/12/2014,77.77,0.00%
6/13/2014,77.73,-0.05%
6/16/2014,77.77,0.05%
6/17/2014,77.78,0.01%
6/18/2014,77.63,-0.19%
6/19/2014,77.6,-0.04%
6/20/2014,77.58,-0.03%
6/23/2014,77.55,-0.04%
6/24/2014,77.78,0.30%
6/25/2014,77.79,0.01%
6/26/2014,77.79,0.00%
6/27/2014,77.77,-0.03%
6/30/2014,77.77,0.00%
7/1/2014,77.77,0.00%
7/2/2014,77.78,0.01%
7/3/2014,77.79,0.01%
7/4/2014,77.79,0.00%
7/7/2014,77.8,0.01%
7/8/2014,77.75,-0.06%
7/9/2014,77.8,0.06%
7/10/2014,77.75,-0.06%
7/11/2014,77.75,0.00%
7/14/2014,77.73,-0.03%
7/15/2014,77.73,0.00%
7/16/2014,77.71,-0.03%
7/17/2014,77.67,-0.05%
7/18/2014,77.65,-0.03%
7/21/2014,77.72,0.09%
7/22/2014,77.68,-0.05%
7/23/2014,77.65,-0.04%
7/24/2014,77.63,-0.03%
7/25/2014,77.63,0.00%
7/28/2014,77.62,-0.01%
7/29/2014,77.58,-0.05%
7/30/2014,77.58,0.00%
7/31/2014,77.57,-0.01%
8/1/2014,77.55,-0.03%
8/4/2014,77.65,0.13%
8/5/2014,77.73,0.10%
8/6/2014,77.72,-0.01%
8/7/2014,77.7,-0.03%
8/8/2014,77.68,-0.03%
8/11/2014,77.71,0.04%
8/12/2014,77.72,0.01%
8/13/2014,77.68,-0.05%
8/14/2014,77.65,-0.04%
8/15/2014,77.65,0.00%
8/18/2014,77.65,0.00%
8/19/2014,77.67,0.03%
8/20/2014,77.65,-0.03%
8/21/2014,77.63,-0.03%
8/22/2014,77.6,-0.04%
8/25/2014,77.6,0.00%
8/26/2014,77.64,0.05%
8/27/2014,77.29,-0.45%
8/28/2014,77.28,-0.01%
8/29/2014,77.27,-0.01%
9/1/2014,77.6,0.43%
9/2/2014,77.6,0.00%
9/3/2014,77.6,0.00%
9/4/2014,77.6,0.00%
9/5/2014,77.6,0.00%
9/8/2014,77.41,-0.24%
9/9/2014,77.425,0.02%
9/10/2014,77.57,0.19%
9/11/2014,77.58,0.01%
9/12/2014,77.25,-0.43%
9/15/2014,77.26,0.01%
9/16/2014,77.425,0.21%
9/17/2014,77.58,0.20%
9/18/2014,77.57,-0.01%
9/19/2014,77.425,-0.19%
9/22/2014,77.395,-0.04%
9/23/2014,77.375,-0.03%
9/24/2014,77.355,-0.03%
9/25/2014,77.39,0.05%
9/26/2014,77.375,-0.02%
9/29/2014,77.275,-0.13%
9/30/2014,77.445,0.22%
10/1/2014,77.37,-0.10%
10/2/2014,77.35,-0.03%
10/3/2014,77.425,0.10%
10/6/2014,77.425,0.00%
10/7/2014,77.425,0.00%
10/8/2014,77.455,0.04%
10/9/2014,77.455,0.00%
10/10/2014,77.455,0.00%
10/13/2014,77.37,-0.11%
10/14/2014,77.38,0.01%
10/15/2014,77.3,-0.10%
10/16/2014,77.375,0.10%
10/17/2014,77.375,0.00%
10/20/2014,77.425,0.06%
10/21/2014,77.425,0.00%
10/22/2014,77.455,0.04%
10/23/2014,77.455,0.00%
10/24/2014,77.455,0.00%
10/27/2014,77.425,-0.04%
10/28/2014,77.425,0.00%
10/29/2014,77.425,0.00%
10/30/2014,77.425,0.00%
10/31/2014,77.425,0.00%
11/3/2014,77.395,-0.04%
11/4/2014,77.325,-0.09%
11/5/2014,77.325,0.00%
11/6/2014,77.325,0.00%
11/7/2014,77.325,0.00%
11/10/2014,77.325,0.00%
11/11/2014,77.305,-0.03%
11/12/2014,77.325,0.03%
11/13/2014,77.325,0.00%
11/14/2014,77.325,0.00%
11/17/2014,77.325,0.00%
11/18/2014,77.325,0.00%
11/19/2014,77.325,0.00%
11/20/2014,77.325,0.00%
11/21/2014,77.325,0.00%
11/24/2014,77.305,-0.03%
11/25/2014,77.305,0.00%
11/26/2014,77.305,0.00%
11/27/2014,77.305,0.00%
11/28/2014,77.305,0.00%
12/1/2014,77.325,0.03%
12/2/2014,77.325,0.00%
12/3/2014,77.305,-0.03%
12/4/2014,77.325,0.03%
12/5/2014,77.295,-0.04%
12/8/2014,77.325,0.04%
12/9/2014,77.325,0.00%
12/10/2014,77.325,0.00%
12/11/2014,77.295,-0.04%
12/12/2014,77.325,0.04%
12/15/2014,77.325,0.00%
12/16/2014,77.325,0.00%
12/17/2014,77.305,-0.03%
12/18/2014,77.325,0.03%
12/19/2014,77.325,0.00%
12/22/2014,77.975,0.84%
12/23/2014,77.955,-0.03%
12/24/2014,77.945,-0.01%
12/25/2014,77.945,0.00%
12/26/2014,77.925,-0.03%
12/29/2014,77.925,0.00%
12/30/2014,77.895,-0.04%
12/31/2014,77.925,0.04%
1/1/2015,77.925,0.00%
1/2/2015,77.895,-0.04%
1/5/2015,77.875,-0.03%
1/6/2015,78.005,0.17%
1/7/2015,77.875,-0.17%
1/8/2015,77.875,0.00%
1/9/2015,77.875,0.00%
1/12/2015,77.825,-0.06%
1/13/2015,77.875,0.06%
1/14/2015,77.845,-0.04%
1/15/2015,77.855,0.01%
1/16/2015,77.875,0.03%
1/19/2015,77.855,-0.03%
1/20/2015,77.875,0.03%
1/21/2015,77.875,0.00%
1/22/2015,77.875,0.00%
1/23/2015,77.875,0.00%
1/26/2015,77.865,-0.01%
1/27/2015,77.795,-0.09%
1/28/2015,77.875,0.10%
1/29/2015,77.475,-0.51%
1/30/2015,77.475,0.00%
2/2/2015,77.825,0.45%
2/3/2015,77.825,0.00%
2/4/2015,77.825,0.00%
2/5/2015,77.875,0.06%
2/6/2015,77.875,0.00%
2/9/2015,77.875,0.00%
2/10/2015,77.855,-0.03%
2/11/2015,77.875,0.03%
2/12/2015,77.875,0.00%
2/13/2015,77.875,0.00%
2/16/2015,77.895,0.03%
2/17/2015,77.905,0.01%
2/18/2015,77.925,0.03%
2/19/2015,77.925,0.00%
2/20/2015,77.925,0.00%
2/23/2015,77.905,-0.03%
2/24/2015,77.925,0.03%
2/25/2015,77.905,-0.03%
2/26/2015,77.905,0.00%
2/27/2015,77.925,0.03%
3/2/2015,77.905,-0.03%
3/3/2015,77.905,0.00%
3/4/2015,77.905,0.00%
3/5/2015,77.825,-0.10%
3/6/2015,77.805,-0.03%
3/9/2015,77.775,-0.04%
3/10/2015,77.925,0.19%
3/11/2015,77.925,0.00%
3/12/2015,77.925,0.00%
3/13/2015,77.925,0.00%
3/16/2015,77.925,0.00%
3/17/2015,77.925,0.00%
3/18/2015,77.925,0.00%
3/19/2015,77.905,-0.03%
3/20/2015,77.925,0.03%
3/23/2015,77.925,0.00%
3/24/2015,77.925,0.00%
3/25/2015,77.925,0.00%
3/26/2015,77.925,0.00%
3/27/2015,77.925,0.00%
3/30/2015,77.925,0.00%
3/31/2015,77.925,0.00%
4/1/2015,77.925,0.00%
4/2/2015,77.905,-0.03%
4/3/2015,77.925,0.03%
4/6/2015,77.925,0.00%
4/7/2015,77.925,0.00%
4/8/2015,77.925,0.00%
4/9/2015,77.925,0.00%
4/10/2015,77.905,-0.03%
4/13/2015,77.905,0.00%
4/14/2015,77.925,0.03%
4/15/2015,77.905,-0.03%
4/16/2015,77.865,-0.05%
4/17/2015,77.855,-0.01%
4/20/2015,77.905,0.06%
4/21/2015,77.905,0.00%
4/22/2015,77.905,0.00%
4/23/2015,77.905,0.00%
4/24/2015,77.905,0.00%
4/27/2015,77.905,0.00%
4/28/2015,77.925,0.03%
4/29/2015,77.905,-0.03%
4/30/2015,77.925,0.03%
5/1/2015,77.905,-0.03%
5/4/2015,77.925,0.03%
5/5/2015,77.925,0.00%
5/6/2015,77.905,-0.03%
5/7/2015,77.875,-0.04%
5/8/2015,77.925,0.06%
5/11/2015,77.875,-0.06%
5/12/2015,77.875,0.00%
5/13/2015,77.855,-0.03%
5/14/2015,77.925,0.09%
5/15/2015,77.895,-0.04%
5/18/2015,77.855,-0.05%
5/19/2015,77.855,0.00%
5/20/2015,77.875,0.03%
5/21/2015,77.875,0.00%
5/22/2015,77.875,0.00%
5/25/2015,77.875,0.00%
5/26/2015,77.845,-0.04%
5/27/2015,77.875,0.04%
5/28/2015,77.875,0.00%
5/29/2015,77.875,0.00%
6/1/2015,77.875,0.00%
6/2/2015,77.875,0.00%
6/3/2015,77.875,0.00%
6/4/2015,77.875,0.00%
6/5/2015,77.875,0.00%
6/8/2015,77.78,-0.12%
6/9/2015,77.825,0.06%
6/10/2015,77.875,0.06%
6/11/2015,77.805,-0.09%
6/12/2015,77.775,-0.04%
6/15/2015,77.805,0.04%
6/16/2015,77.855,0.06%
6/17/2015,77.78,-0.10%
6/18/2015,77.855,0.10%
6/19/2015,77.855,0.00%
6/22/2015,77.835,-0.03%
6/23/2015,77.865,0.04%
6/24/2015,77.855,-0.01%
6/25/2015,77.805,-0.06%
6/26/2015,77.845,0.05%
6/29/2015,77.855,0.01%
6/30/2015,77.855,0.00%
7/1/2015,77.8,-0.07%
7/2/2015,77.855,0.07%
7/3/2015,77.865,0.01%
7/6/2015,77.85,-0.02%
7/7/2015,77.875,0.03%
7/8/2015,77.815,-0.08%
7/9/2015,77.875,0.08%
7/10/2015,77.855,-0.03%
7/13/2015,77.825,-0.04%
7/14/2015,77.825,0.00%
7/15/2015,77.815,-0.01%
7/16/2015,77.845,0.04%
7/17/2015,77.815,-0.04%
7/20/2015,77.795,-0.03%
7/21/2015,77.755,-0.05%
7/22/2015,77.845,0.12%
7/23/2015,77.85,0.01%
7/24/2015,77.75,-0.13%
7/27/2015,77.755,0.01%
7/28/2015,77.755,0.00%
7/29/2015,77.825,0.09%
7/30/2015,77.855,0.04%
7/31/2015,77.875,0.03%
8/3/2015,77.895,0.03%
8/4/2015,77.875,-0.03%
8/5/2015,77.905,0.04%
8/6/2015,77.875,-0.04%
8/7/2015,77.865,-0.01%
8/10/2015,77.855,-0.01%
8/11/2015,77.845,-0.01%
8/12/2015,77.845,0.00%
8/13/2015,77.855,0.01%
8/14/2015,77.855,0.00%
8/17/2015,77.865,0.01%
8/18/2015,77.855,-0.01%
8/19/2015,77.875,0.03%
8/20/2015,77.88,0.01%
8/21/2015,77.845,-0.04%
8/24/2015,77.855,0.01%
8/25/2015,77.875,0.03%
8/26/2015,77.875,0.00%
8/27/2015,77.855,-0.03%
8/28/2015,77.905,0.06%
8/31/2015,77.875,-0.04%
9/1/2015,77.875,0.00%
9/2/2015,77.855,-0.03%
9/3/2015,77.855,0.00%
9/4/2015,77.875,0.03%
9/7/2015,77.865,-0.01%
9/8/2015,77.88,0.02%
9/9/2015,77.855,-0.03%
9/10/2015,77.895,0.05%
9/11/2015,77.875,-0.03%
9/14/2015,77.855,-0.03%
9/15/2015,77.81,-0.06%
9/16/2015,77.855,0.06%
9/17/2015,77.855,0.00%
9/18/2015,77.875,0.03%
9/21/2015,77.875,0.00%
9/22/2015,77.865,-0.01%
9/23/2015,77.845,-0.03%
9/24/2015,77.875,0.04%
9/25/2015,77.855,-0.03%
9/28/2015,77.875,0.03%
9/29/2015,77.775,-0.13%
9/30/2015,77.875,0.13%
10/1/2015,77.855,-0.03%
10/2/2015,77.875,0.03%
10/5/2015,77.875,0.00%
10/6/2015,77.825,-0.06%
10/7/2015,77.45,-0.48%
10/8/2015,77.755,0.39%
10/9/2015,77.775,0.03%
10/12/2015,77.755,-0.03%
10/13/2015,77.875,0.15%
10/14/2015,77.845,-0.04%
10/15/2015,77.83,-0.02%
10/16/2015,77.875,0.06%
10/19/2015,77.875,0.00%
10/20/2015,77.855,-0.03%
10/21/2015,77.875,0.03%
10/22/2015,77.875,0.00%
10/23/2015,77.875,0.00%
10/26/2015,77.89,0.02%
10/27/2015,77.855,-0.04%
10/28/2015,77.885,0.04%
10/29/2015,77.845,-0.05%
10/30/2015,77.88,0.04%
11/2/2015,77.875,-0.01%
11/3/2015,78.25,0.48%
11/4/2015,78.205,-0.06%
11/5/2015,78.26,0.07%
11/6/2015,78.175,-0.11%
11/9/2015,78.145,-0.04%
11/10/2015,78.105,-0.05%
11/11/2015,78.095,-0.01%
11/12/2015,78.075,-0.03%
11/13/2015,78.055,-0.03%
11/16/2015,78.065,0.01%
11/17/2015,77.505,-0.72%
11/18/2015,77.475,-0.04%
11/19/2015,77.455,-0.03%
11/20/2015,77.455,0.00%
11/23/2015,77.425,-0.04%
11/24/2015,77.395,-0.04%
11/25/2015,77.375,-0.03%
11/26/2015,77.375,0.00%
11/27/2015,78.125,0.97%
11/30/2015,78.095,-0.04%
12/1/2015,78.095,0.00%
12/2/2015,78.635,0.69%
12/3/2015,78.225,-0.52%
12/4/2015,78.205,-0.03%
12/7/2015,78.155,-0.06%
12/8/2015,78.125,-0.04%
12/9/2015,78.125,0.00%
12/10/2015,78.225,0.13%
12/11/2015,78.195,-0.04%
12/14/2015,78.47,0.35%
12/15/2015,78.365,-0.13%
12/16/2015,78.105,-0.33%
12/17/2015,78.225,0.15%
12/18/2015,78.195,-0.04%
12/21/2015,78.175,-0.03%
12/22/2015,78.145,-0.04%
12/23/2015,78.625,0.61%
12/24/2015,78.605,-0.03%
12/25/2015,78.605,0.00%
12/28/2015,78.245,-0.46%
12/29/2015,78.225,-0.03%
12/30/2015,78.205,-0.03%
12/31/2015,78.205,0.00%
1/1/2016,78.205,0.00%
1/4/2016,78.495,0.37%
1/5/2016,78.455,-0.05%
1/6/2016,78.505,0.06%
1/7/2016,78.425,-0.10%
1/8/2016,78.395,-0.04%
1/11/2016,78.455,0.08%
1/12/2016,78.395,-0.08%
1/13/2016,78.475,0.10%
1/14/2016,78.555,0.10%
1/15/2016,78.545,-0.01%
1/18/2016,78.525,-0.03%
1/19/2016,78.555,0.04%
1/20/2016,78.555,0.00%
1/21/2016,78.505,-0.06%
1/22/2016,78.475,-0.04%
1/25/2016,78.525,0.06%
1/26/2016,78.475,-0.06%
1/27/2016,78.455,-0.03%
1/28/2016,78.475,0.03%
1/29/2016,78.455,-0.03%
2/1/2016,78.425,-0.04%
2/2/2016,78.655,0.29%
2/3/2016,78.645,-0.01%
2/4/2016,78.605,-0.05%
2/5/2016,78.595,-0.01%
2/8/2016,78.805,0.27%
2/9/2016,78.775,-0.04%
2/10/2016,78.705,-0.09%
2/11/2016,78.695,-0.01%
2/12/2016,78.525,-0.22%
2/15/2016,78.525,0.00%
2/16/2016,78.505,-0.03%
2/17/2016,78.525,0.03%
2/18/2016,78.625,0.13%
2/19/2016,78.525,-0.13%
2/22/2016,78.595,0.09%
2/23/2016,78.485,-0.14%
2/24/2016,78.495,0.01%
2/25/2016,78.475,-0.03%
2/26/2016,78.455,-0.03%
2/29/2016,78.57,0.15%
3/1/2016,78.445,-0.16%
3/2/2016,78.505,0.08%
3/3/2016,78.495,-0.01%
3/4/2016,78.485,-0.01%
3/7/2016,78.47,-0.02%
3/8/2016,78.455,-0.02%
3/9/2016,78.445,-0.01%
3/10/2016,78.455,0.01%
3/11/2016,78.445,-0.01%
3/14/2016,78.425,-0.03%
3/15/2016,78.405,-0.03%
3/16/2016,78.395,-0.01%
3/17/2016,78.385,-0.01%
3/18/2016,78.375,-0.01%
3/21/2016,78.355,-0.03%
3/22/2016,78.335,-0.03%
3/23/2016,78.325,-0.01%
3/24/2016,78.455,0.17%
3/25/2016,78.455,0.00%
3/28/2016,78.425,-0.04%
3/29/2016,78.375,-0.06%
3/30/2016,78.375,0.00%
3/31/2016,78.345,-0.04%
4/1/2016,78.305,-0.05%
4/4/2016,78.285,-0.03%
4/5/2016,78.445,0.20%
4/6/2016,78.425,-0.03%
4/7/2016,78.395,-0.04%
4/8/2016,78.375,-0.03%
4/11/2016,78.445,0.09%
4/12/2016,78.385,-0.08%
4/13/2016,78.4,0.02%
4/14/2016,78.405,0.01%
4/15/2016,78.395,-0.01%
4/18/2016,78.415,0.03%
4/19/2016,78.445,0.04%
4/20/2016,78.425,-0.03%
4/21/2016,78.375,-0.06%
4/22/2016,78.375,0.00%
4/25/2016,78.355,-0.03%
4/26/2016,78.455,0.13%
4/27/2016,78.425,-0.04%
4/28/2016,78.445,0.03%
4/29/2016,78.395,-0.06%
5/2/2016,78.395,0.00%
5/3/2016,78.425,0.04%
5/4/2016,78.395,-0.04%
5/5/2016,78.42,0.03%
5/6/2016,78.395,-0.03%
5/9/2016,78.405,0.01%
5/10/2016,78.67,0.34%
5/11/2016,78.67,0.00%
5/12/2016,78.725,0.07%
5/13/2016,78.735,0.01%
5/16/2016,78.725,-0.01%
5/17/2016,78.635,-0.11%
5/18/2016,78.625,-0.01%
5/19/2016,78.705,0.10%
5/20/2016,78.43,-0.35%
5/23/2016,78.615,0.24%
5/24/2016,78.64,0.03%
5/25/2016,78.705,0.08%
5/26/2016,78.725,0.03%
5/27/2016,78.545,-0.23%
5/30/2016,78.545,0.00%
5/31/2016,78.725,0.23%
6/1/2016,78.57,-0.20%
6/2/2016,78.575,0.01%
6/3/2016,78.705,0.17%
6/6/2016,78.725,0.03%
6/7/2016,78.695,-0.04%
6/8/2016,78.705,0.01%
6/9/2016,78.69,-0.02%
6/10/2016,78.705,0.02%
6/13/2016,78.6,-0.13%
6/14/2016,78.6,0.00%
6/15/2016,78.29,-0.39%
6/16/2016,78.52,0.29%
6/17/2016,78.645,0.16%
6/20/2016,78.505,-0.18%
6/21/2016,78.505,0.00%
6/22/2016,78.525,0.03%
6/23/2016,78.555,0.04%
6/24/2016,78.535,-0.03%
6/27/2016,78.565,0.04%
6/28/2016,78.495,-0.09%
6/29/2016,78.475,-0.03%
6/30/2016,78.455,-0.03%
7/1/2016,78.405,-0.06%
7/4/2016,78.405,0.00%
7/5/2016,78.375,-0.04%
7/6/2016,78.395,0.03%
7/7/2016,78.39,-0.01%
7/8/2016,78.405,0.02%
7/11/2016,78.49,0.11%
7/12/2016,78.345,-0.18%
7/13/2016,78.505,0.20%
7/14/2016,78.475,-0.04%
7/15/2016,78.355,-0.15%
7/16/2016,78.425,0.09%
7/18/2016,78.495,0.09%
7/19/2016,78.525,0.04%
7/20/2016,78.445,-0.10%
7/21/2016,78.53,0.11%
7/22/2016,78.455,-0.10%
7/25/2016,78.47,0.02%
7/26/2016,78.495,0.03%
7/27/2016,78.505,0.01%
7/28/2016,78.515,0.01%
7/29/2016,78.445,-0.09%
8/1/2016,78.405,-0.05%
8/2/2016,78.355,-0.06%
8/3/2016,78.455,0.13%
8/4/2016,78.425,-0.04%
8/5/2016,78.435,0.01%
8/8/2016,78.365,-0.09%
8/9/2016,78.445,0.10%
8/10/2016,78.425,-0.03%
8/11/2016,78.45,0.03%
8/12/2016,78.43,-0.03%
8/15/2016,78.465,0.04%
8/16/2016,78.425,-0.05%
8/17/2016,78.385,-0.05%
8/18/2016,78.395,0.01%
8/19/2016,78.385,-0.01%
8/22/2016,78.425,0.05%
8/23/2016,78.37,-0.07%
8/24/2016,78.415,0.06%
8/25/2016,78.385,-0.04%
8/26/2016,78.385,0.00%
8/29/2016,78.505,0.15%
8/30/2016,78.355,-0.19%
8/31/2016,78.475,0.15%
9/1/2016,78.43,-0.06%
9/2/2016,78.405,-0.03%
9/5/2016,78.405,0.00%
9/6/2016,78.34,-0.08%
9/7/2016,78.455,0.15%
9/8/2016,78.355,-0.13%
9/9/2016,78.385,0.04%
9/12/2016,78.375,-0.01%
9/13/2016,78.385,0.01%
9/14/2016,78.34,-0.06%
9/15/2016,78.475,0.17%
9/16/2016,78.415,-0.08%
9/19/2016,78.495,0.10%
9/20/2016,78.405,-0.11%
9/21/2016,78.385,-0.03%
9/22/2016,78.395,0.01%
9/23/2016,78.555,0.20%
9/26/2016,78.515,-0.05%
9/27/2016,78.575,0.08%
9/28/2016,78.585,0.01%
9/29/2016,78.505,-0.10%
9/30/2016,78.555,0.06%
10/3/2016,78.525,-0.04%
10/4/2016,78.52,-0.01%
10/5/2016,78.495,-0.03%
10/6/2016,78.475,-0.03%
10/7/2016,78.435,-0.05%
10/10/2016,78.505,0.09%
10/11/2016,78.445,-0.08%
10/12/2016,78.415,-0.04%
10/13/2016,78.42,0.01%
10/14/2016,78.455,0.04%
10/17/2016,78.505,0.06%
10/18/2016,78.555,0.06%
10/19/2016,78.44,-0.15%
10/20/2016,78.475,0.04%
10/21/2016,78.405,-0.09%
10/24/2016,78.525,0.15%
10/25/2016,78.515,-0.01%
10/26/2016,78.51,-0.01%
10/27/2016,78.555,0.06%
10/28/2016,78.445,-0.14%
10/31/2016,78.355,-0.11%
11/1/2016,78.415,0.08%
11/2/2016,78.525,0.14%
11/3/2016,78.51,-0.02%
11/4/2016,78.51,0.00%
11/7/2016,78.55,0.05%
11/8/2016,78.645,0.12%
11/9/2016,78.6,-0.06%
11/10/2016,78.615,0.02%
11/11/2016,78.575,-0.05%
11/14/2016,78.63,0.07%
11/15/2016,78.875,0.31%
11/16/2016,78.83,-0.06%
11/17/2016,78.86,0.04%
11/18/2016,78.775,-0.11%
11/21/2016,79.205,0.55%
11/22/2016,79.11,-0.12%
11/23/2016,79.33,0.28%
11/24/2016,79.315,-0.02%
11/25/2016,79.265,-0.06%
11/28/2016,79.255,-0.01%
11/29/2016,79.4,0.18%
11/30/2016,79.33,-0.09%
12/1/2016,79.595,0.33%
12/2/2016,79.575,-0.03%
12/5/2016,79.46,-0.14%
12/6/2016,79.625,0.21%
12/7/2016,79.655,0.04%
12/8/2016,79.46,-0.24%
12/9/2016,79.715,0.32%
12/12/2016,79.375,-0.43%
12/13/2016,79.46,0.11%
12/14/2016,79.475,0.02%
12/15/2016,79.445,-0.04%
12/16/2016,79.415,-0.04%
12/19/2016,79.255,-0.20%
12/20/2016,78.695,-0.71%
12/21/2016,79.125,0.55%
12/22/2016,79.075,-0.06%
12/23/2016,79.085,0.01%
12/26/2016,79.075,-0.01%
12/27/2016,79.05,-0.03%
12/28/2016,79.045,-0.01%
12/29/2016,79.015,-0.04%
12/30/2016,79.045,0.04%
1/2/2017,79.005,-0.05%
1/3/2017,79.46,0.58%
1/4/2017,79.17,-0.36%
1/5/2017,79.205,0.04%
1/6/2017,79.205,0.00%
1/9/2017,79.075,-0.16%
1/10/2017,79.005,-0.09%
1/11/2017,79.275,0.34%
1/12/2017,79.265,-0.01%
1/13/2017,79.305,0.05%
1/16/2017,79.285,-0.03%
1/17/2017,79.225,-0.08%
1/18/2017,79.345,0.15%
1/19/2017,79.205,-0.18%
1/20/2017,79.325,0.15%
1/23/2017,79.48,0.20%
1/24/2017,79.44,-0.05%
1/25/2017,79.375,-0.08%
1/26/2017,79.375,0.00%
1/27/2017,79.455,0.10%
1/30/2017,79.455,0.00%
1/31/2017,79.615,0.20%
2/1/2017,79.605,-0.01%
2/2/2017,79.68,0.09%
2/3/2017,79.675,-0.01%
2/6/2017,79.68,0.01%
2/7/2017,79.665,-0.02%
2/8/2017,79.92,0.32%
2/9/2017,79.795,-0.16%
2/10/2017,79.795,0.00%
2/13/2017,79.975,0.23%
2/14/2017,79.905,-0.09%
2/15/2017,80.015,0.14%
2/16/2017,80.225,0.26%
2/17/2017,80.225,0.00%
2/20/2017,80.205,-0.02%
2/21/2017,80.155,-0.06%
2/22/2017,80.085,-0.09%
2/23/2017,79.895,-0.24%
2/24/2017,79.895,0.00%
2/27/2017,79.995,0.13%
2/28/2017,79.695,-0.38%
3/1/2017,80.045,0.44%
3/2/2017,80.085,0.05%
3/3/2017,80.125,0.05%
3/6/2017,80.05,-0.09%
3/7/2017,80.16,0.14%
3/8/2017,80.265,0.13%
3/9/2017,80.2,-0.08%
3/10/2017,80.225,0.03%
3/13/2017,80.275,0.06%
3/14/2017,80.295,0.02%
3/15/2017,80.21,-0.11%
3/16/2017,79.645,-0.70%
3/17/2017,80.265,0.78%
3/20/2017,80.245,-0.02%
3/21/2017,80.205,-0.05%
3/22/2017,79.825,-0.47%
3/23/2017,80.28,0.57%
3/24/2017,80.325,0.06%
3/27/2017,80.285,-0.05%
3/28/2017,80.325,0.05%
3/29/2017,80.325,0.00%
3/30/2017,80.245,-0.10%
3/31/2017,80.325,0.10%
4/3/2017,80.375,0.06%
4/4/2017,80.31,-0.08%
4/5/2017,80.445,0.17%
4/6/2017,80.64,0.24%
4/7/2017,80.475,-0.20%
4/10/2017,80.645,0.21%
4/11/2017,80.645,0.00%
4/12/2017,81.045,0.50%
4/13/2017,81.025,-0.02%
4/14/2017,81.005,-0.02%
4/17/2017,81.09,0.10%
4/18/2017,81.775,0.84%
4/19/2017,81.895,0.15%
4/20/2017,82.795,1.10%
4/21/2017,82.815,0.02%
4/24/2017,82.935,0.14%
4/25/2017,83.65,0.86%
4/26/2017,84.225,0.69%
4/27/2017,82.295,-2.29%
4/28/2017,81.86,-0.53%
5/1/2017,82.245,0.47%
5/2/2017,82.445,0.24%
5/3/2017,82.67,0.27%
5/4/2017,81.575,-1.32%
5/5/2017,81.555,-0.02%
5/8/2017,81.55,-0.01%
5/9/2017,81.365,-0.23%
5/10/2017,81.6,0.29%
5/11/2017,81.425,-0.21%
5/12/2017,81.425,0.00%
5/15/2017,81.405,-0.02%
5/16/2017,81.36,-0.06%
5/17/2017,80.795,-0.69%
5/18/2017,80.685,-0.14%
5/19/2017,80.755,0.09%
5/22/2017,80.72,-0.04%
5/23/2017,80.73,0.01%
5/24/2017,80.71,-0.02%
5/25/2017,80.795,0.11%
5/26/2017,80.775,-0.02%
5/29/2017,80.755,-0.02%
5/30/2017,80.735,-0.02%
5/31/2017,80.805,0.09%
6/1/2017,80.855,0.06%
6/2/2017,80.845,-0.01%
6/5/2017,80.815,-0.04%
6/6/2017,80.825,0.01%
6/7/2017,80.895,0.09%
6/8/2017,80.905,0.01%
6/9/2017,80.905,0.00%
6/12/2017,80.7,-0.25%
6/13/2017,80.845,0.18%
6/14/2017,80.84,-0.01%
6/15/2017,80.795,-0.06%
6/16/2017,80.865,0.09%
6/19/2017,80.785,-0.10%
6/20/2017,80.775,-0.01%
6/21/2017,80.815,0.05%
6/22/2017,80.81,-0.01%
6/23/2017,80.825,0.02%
6/26/2017,80.825,0.00%
6/27/2017,80.8,-0.03%
6/28/2017,80.855,0.07%
6/29/2017,80.83,-0.03%
6/30/2017,80.695,-0.17%
7/3/2017,80.8,0.13%
7/4/2017,80.675,-0.15%
7/5/2017,80.885,0.26%
7/6/2017,81.205,0.40%
7/7/2017,81.145,-0.07%
7/10/2017,81.45,0.38%
7/11/2017,81.465,0.02%
7/12/2017,81.395,-0.09%
7/13/2017,81.355,-0.05%
7/14/2017,81.265,-0.11%
7/17/2017,80.895,-0.46%
7/18/2017,80.745,-0.19%
7/19/2017,80.765,0.02%
7/20/2017,80.705,-0.07%
7/21/2017,80.695,-0.01%
7/24/2017,80.82,0.15%
7/25/2017,81.22,0.49%
7/26/2017,81.115,-0.13%
7/27/2017,80.71,-0.50%
7/28/2017,80.695,-0.02%
7/31/2017,81.325,0.78%
8/1/2017,81.225,-0.12%
8/2/2017,80.755,-0.58%
8/3/2017,80.925,0.21%
8/4/2017,80.955,0.04%
8/7/2017,80.755,-0.25%
8/8/2017,80.965,0.26%
8/9/2017,80.98,0.02%
8/10/2017,80.875,-0.13%
8/11/2017,80.855,-0.02%
8/14/2017,80.945,0.11%
8/15/2017,80.755,-0.23%
8/16/2017,80.945,0.24%
8/17/2017,81.15,0.25%
8/18/2017,81.155,0.01%
8/21/2017,81.26,0.13%
8/22/2017,81.19,-0.09%
8/23/2017,81.12,-0.09%
8/24/2017,81.195,0.09%
8/25/2017,81.165,-0.04%
8/28/2017,81.125,-0.05%
8/29/2017,81.195,0.09%
8/30/2017,81.33,0.17%
8/31/2017,81.225,-0.13%
9/1/2017,80.795,-0.53%
9/4/2017,81.305,0.63%
9/5/2017,81.345,0.05%
9/6/2017,81.37,0.03%
9/7/2017,81.57,0.25%
9/8/2017,81.555,-0.02%
9/11/2017,82.075,0.64%
9/12/2017,81.8,-0.34%
9/13/2017,82.045,0.30%
9/14/2017,80.795,-1.52%
9/15/2017,80.755,-0.05%
9/18/2017,80.815,0.07%
9/19/2017,82.125,1.62%
9/20/2017,80.845,-1.56%
9/21/2017,81.975,1.40%
9/22/2017,81.965,-0.01%
9/25/2017,81.975,0.01%
9/26/2017,81.47,-0.62%
9/27/2017,82.205,0.90%
9/28/2017,81.955,-0.30%
9/29/2017,82.28,0.40%
10/2/2017,81.955,-0.39%
10/3/2017,81.5,-0.56%
10/4/2017,82.11,0.75%
10/5/2017,80.885,-1.49%
10/6/2017,81.395,0.63%
10/9/2017,82.045,0.80%
10/10/2017,82.06,0.02%
10/11/2017,81.555,-0.62%
10/12/2017,80.895,-0.81%
10/13/2017,80.875,-0.02%
10/16/2017,80.915,0.05%
10/17/2017,80.89,-0.03%
10/18/2017,82.435,1.91%
10/19/2017,82.55,0.14%
10/20/2017,82.575,0.03%
10/23/2017,83.1,0.64%
10/24/2017,82.89,-0.25%
10/25/2017,83.1,0.25%
10/26/2017,82.895,-0.25%
10/27/2017,82.895,0.00%
10/30/2017,83.16,0.32%
10/31/2017,83.16,0.00%
11/1/2017,82.805,-0.43%
11/2/2017,83.175,0.45%
11/3/2017,83.175,0.00%
11/6/2017,83.175,0.00%
11/7/2017,82.84,-0.40%
11/8/2017,83.25,0.49%
11/9/2017,82.985,-0.32%
11/10/2017,83.325,0.41%
11/13/2017,83.325,0.00%
11/14/2017,83.33,0.01%
11/15/2017,83.4,0.08%
11/16/2017,83.44,0.05%
11/17/2017,83.475,0.04%
11/20/2017,83.195,-0.34%
11/21/2017,83.85,0.79%
11/22/2017,83.85,0.00%
11/23/2017,81.425,-2.89%
11/24/2017,84.625,3.93%
11/27/2017,84.715,0.11%
11/28/2017,84.955,0.28%
11/29/2017,82.035,-3.44%
11/30/2017,82.345,0.38%
12/1/2017,82.325,-0.02%
12/4/2017,82.345,0.02%
12/5/2017,82.325,-0.02%
12/6/2017,82.49,0.20%
12/7/2017,82.415,-0.09%
12/8/2017,82.485,0.08%
12/11/2017,82.475,-0.01%
12/12/2017,82.595,0.15%
12/13/2017,82.575,-0.02%
12/14/2017,82.605,0.04%
12/15/2017,82.665,0.07%
12/18/2017,82.915,0.30%
12/19/2017,82.67,-0.30%
12/20/2017,82.755,0.10%
12/21/2017,82.65,-0.13%
12/22/2017,82.785,0.16%
12/25/2017,82.785,0.00%
12/26/2017,82.805,0.02%
12/27/2017,82.795,-0.01%
12/28/2017,82.805,0.01%
12/29/2017,82.775,-0.04%
1/1/2018,82.775,0.00%
1/2/2018,82.795,0.02%
1/3/2018,82.795,0.00%
1/4/2018,82.795,0.00%
1/5/2018,82.805,0.01%
1/8/2018,82.825,0.02%
1/9/2018,82.855,0.04%
1/10/2018,82.865,0.01%
1/11/2018,82.865,0.00%
1/12/2018,82.875,0.01%
1/15/2018,82.915,0.05%
1/16/2018,82.895,-0.02%
1/17/2018,82.805,-0.11%
1/18/2018,82.885,0.10%
1/19/2018,82.925,0.05%
1/22/2018,82.965,0.05%
1/23/2018,83.085,0.14%
1/24/2018,83.005,-0.10%
1/25/2018,83.005,0.00%
1/26/2018,82.995,-0.01%
1/29/2018,83.005,0.01%
1/30/2018,82.995,-0.01%
1/31/2018,82.995,0.00%
2/1/2018,82.995,0.00%
2/2/2018,83.005,0.01%
2/5/2018,82.995,-0.01%
2/6/2018,83.075,0.10%
2/7/2018,82.915,-0.19%
2/8/2018,83.005,0.11%
2/9/2018,83.005,0.00%
2/12/2018,83.005,0.00%
2/13/2018,83.14,0.16%
2/14/2018,82.975,-0.20%
2/15/2018,83.14,0.20%
2/16/2018,83.005,-0.16%
2/19/2018,83.005,0.00%
2/20/2018,83.055,0.06%
2/21/2018,83.035,-0.02%
2/22/2018,83.02,-0.02%
2/23/2018,83.005,-0.02%
2/26/2018,83.005,0.00%
2/27/2018,83.015,0.01%
2/28/2018,83.045,0.04%
3/1/2018,83.015,-0.04%
3/2/2018,83.025,0.01%
3/5/2018,83.025,0.00%
3/6/2018,83.035,0.01%
3/7/2018,83.025,-0.01%
3/8/2018,83.025,0.00%
3/9/2018,83.005,-0.02%
3/12/2018,83.035,0.04%
3/13/2018,83.005,-0.04%
3/14/2018,83.025,0.02%
3/15/2018,83.005,-0.02%
3/16/2018,83.18,0.21%
3/19/2018,83.025,-0.19%
3/20/2018,83.025,0.00%
3/21/2018,83.005,-0.02%
3/22/2018,83.025,0.02%
3/23/2018,83.015,-0.01%
3/26/2018,83.045,0.04%
3/27/2018,83.045,0.00%
3/28/2018,84.005,1.16%
3/29/2018,83.035,-1.15%
3/30/2018,83.035,0.00%
4/2/2018,83.045,0.01%
4/3/2018,83.045,0.00%
4/4/2018,83.005,-0.05%
4/5/2018,83,-0.01%
4/6/2018,83.025,0.03%
4/9/2018,83.045,0.02%
4/10/2018,82.95,-0.11%
4/11/2018,83.045,0.11%
4/12/2018,83.04,-0.01%
4/13/2018,83.005,-0.04%
4/16/2018,83.025,0.02%
4/17/2018,83.005,-0.02%
4/18/2018,83.015,0.01%
4/19/2018,83.055,0.05%
4/20/2018,83.045,-0.01%
4/23/2018,84.55,1.81%
4/24/2018,84.55,0.00%
4/25/2018,84.6,0.06%
4/26/2018,84.6,0.00%
4/27/2018,84.6,0.00%
4/30/2018,84.6,0.00%
5/1/2018,84.6,0.00%
5/2/2018,84.6,0.00%
5/3/2018,84.725,0.15%
5/4/2018,84.725,0.00%
5/7/2018,83.025,-2.01%
5/8/2018,84.725,2.05%
5/9/2018,84.725,0.00%
5/10/2018,84.725,0.00%
5/11/2018,84.725,0.00%
5/14/2018,83.155,-1.85%
5/15/2018,84.175,1.23%
5/16/2018,84.8,0.74%
5/17/2018,84.8,0.00%
5/18/2018,84.8,0.00%
5/21/2018,84.8,0.00%
5/22/2018,83.785,-1.20%
5/23/2018,83.765,-0.02%
5/24/2018,84.5,0.88%
5/25/2018,84.5,0.00%
5/28/2018,84.5,0.00%
5/29/2018,84.5,0.00%
5/30/2018,83.785,-0.85%
5/31/2018,84.5,0.85%
6/1/2018,84.5,0.00%
6/4/2018,84.65,0.18%
6/5/2018,84.65,0.00%
6/6/2018,83.795,-1.01%
6/7/2018,84.65,1.02%
6/8/2018,84.65,0.00%
6/11/2018,84.65,0.00%
6/12/2018,84.525,-0.15%
6/13/2018,84.525,0.00%
6/14/2018,84.6,0.09%
6/15/2018,84.5,-0.12%
6/18/2018,84.5,0.00%
6/19/2018,84.5,0.00%
6/20/2018,84.5,0.00%
6/21/2018,84.5,0.00%
6/22/2018,84.5,0.00%
6/25/2018,84.5,0.00%
6/26/2018,84.5,0.00%
6/27/2018,84.5,0.00%
6/28/2018,83.75,-0.89%
6/29/2018,83.735,-0.02%
7/2/2018,83.795,0.07%
7/3/2018,83.825,0.04%
7/4/2018,83.825,0.00%
7/5/2018,83.965,0.17%
7/6/2018,83.795,-0.20%
7/9/2018,83.9,0.13%
7/10/2018,83.795,-0.13%
7/11/2018,83.795,0.00%
7/12/2018,83.805,0.01%
7/13/2018,83.795,-0.01%
7/16/2018,84.5,0.84%
7/17/2018,84.5,0.00%
7/18/2018,84.5,0.00%
7/19/2018,84.5,0.00%
7/20/2018,84.5,0.00%
7/23/2018,84.5,0.00%
7/24/2018,84.5,0.00%
7/25/2018,84.5,0.00%
7/26/2018,84.5,0.00%
7/27/2018,84.5,0.00%
7/30/2018,84.5,0.00%
7/31/2018,84.5,0.00%
8/1/2018,84.5,0.00%
8/2/2018,84.5,0.00%
8/3/2018,84.5,0.00%
8/6/2018,84.5,0.00%
8/7/2018,84.5,0.00%
8/8/2018,84.5,0.00%
8/9/2018,84.5,0.00%
8/10/2018,84.5,0.00%
8/13/2018,84.5,0.00%
8/14/2018,84.5,0.00%
8/15/2018,84.5,0.00%
8/16/2018,84.025,-0.56%
8/17/2018,83.805,-0.26%
8/20/2018,83.805,0.00%
8/21/2018,83.805,0.00%
8/22/2018,83.805,0.00%
8/23/2018,83.95,0.17%
8/24/2018,83.9,-0.06%
8/27/2018,83.815,-0.10%
8/28/2018,83.77,-0.05%
8/29/2018,83.81,0.05%
8/30/2018,83.805,-0.01%
8/31/2018,83.67,-0.16%
9/3/2018,83.67,0.00%
9/4/2018,83.52,-0.18%
9/5/2018,83.68,0.19%
9/6/2018,83.61,-0.08%
9/7/2018,83.68,0.08%
9/10/2018,83.58,-0.12%
9/11/2018,83.59,0.01%
9/12/2018,83.6,0.01%
9/13/2018,83.69,0.11%
9/14/2018,83.69,0.00%
9/17/2018,83.69,0.00%
9/18/2018,83.78,0.11%
9/19/2018,83.7,-0.10%
9/20/2018,83.68,-0.02%
9/21/2018,83.68,0.00%
9/24/2018,83.58,-0.12%
9/25/2018,83.62,0.05%
9/26/2018,83.64,0.02%
9/27/2018,83.59,-0.06%
9/28/2018,83.61,0.02%
10/1/2018,83.68,0.08%
10/2/2018,83.74,0.07%
10/3/2018,83.68,-0.07%
10/4/2018,83.55,-0.16%
10/5/2018,83.68,0.16%
10/8/2018,83.68,0.00%
10/9/2018,83.69,0.01%
10/10/2018,83.57,-0.14%
10/11/2018,83.62,0.06%
10/12/2018,83.7,0.10%
10/15/2018,83.68,-0.02%
10/16/2018,83.67,-0.01%
10/17/2018,83.69,0.02%
10/18/2018,84.75,1.27%
10/19/2018,84.75,0.00%
10/22/2018,84.6,-0.18%
10/23/2018,84.95,0.41%
10/24/2018,85,0.06%
10/25/2018,85.05,0.06%
10/26/2018,85.05,0.00%
10/29/2018,84.78,-0.32%
10/30/2018,85.02,0.28%
10/31/2018,83.77,-1.47%
11/1/2018,83.7,-0.08%
11/2/2018,83.67,-0.04%
11/5/2018,83.74,0.08%
11/6/2018,83.42,-0.38%
11/7/2018,83.52,0.12%
11/8/2018,83.61,0.11%
11/9/2018,83.13,-0.57%
11/12/2018,83.82,0.83%
11/13/2018,83.36,-0.55%
11/14/2018,83.64,0.34%
11/15/2018,83.6,-0.05%
11/16/2018,83.6,0.00%
11/19/2018,83.63,0.04%
11/20/2018,83.15,-0.57%
11/21/2018,83.07,-0.10%
11/22/2018,83.88,0.98%
11/23/2018,83.89,0.01%
11/26/2018,83.72,-0.20%
11/27/2018,83.48,-0.29%
11/28/2018,83.74,0.31%
11/29/2018,83.65,-0.11%
11/30/2018,84.7,1.26%
12/3/2018,83.88,-0.97%
12/4/2018,83.08,-0.95%
12/5/2018,83.24,0.19%
12/6/2018,83.48,0.29%
12/7/2018,83.16,-0.38%
12/10/2018,83.49,0.40%
12/11/2018,83.5,0.01%
12/12/2018,83.56,0.07%
12/13/2018,83.66,0.12%
12/14/2018,83.34,-0.38%
12/17/2018,83.72,0.46%
12/18/2018,83.48,-0.29%
12/19/2018,83.56,0.10%
12/20/2018,83.24,-0.38%
12/21/2018,83.4,0.19%
12/24/2018,83.44,0.05%
12/25/2018,83.715,0.33%
12/26/2018,83.48,-0.28%
12/27/2018,83.45,-0.04%
12/28/2018,83.13,-0.38%
12/31/2018,83.61,0.58%
1/1/2019,83.85,0.29%
1/2/2019,83.45,-0.48%
1/3/2019,83.63,0.22%
1/4/2019,83.48,-0.18%
1/7/2019,83.58,0.12%
1/8/2019,83.42,-0.19%
1/9/2019,83.18,-0.29%
1/10/2019,83.42,0.29%
1/11/2019,83.26,-0.19%
1/14/2019,83.5,0.29%
1/15/2019,83.42,-0.10%
1/16/2019,83.42,0.00%
1/17/2019,83.18,-0.29%
1/18/2019,83.65,0.57%
1/21/2019,83.94,0.35%
1/22/2019,83.66,-0.33%
1/23/2019,83.26,-0.48%
1/24/2019,83.42,0.19%
1/25/2019,83.26,-0.19%
1/28/2019,83.78,0.62%
1/29/2019,83.61,-0.20%
1/30/2019,83.58,-0.04%
1/31/2019,83.26,-0.38%
2/1/2019,83.18,-0.10%
2/4/2019,83.66,0.58%
2/5/2019,83.74,0.10%
2/6/2019,83.5,-0.29%
2/7/2019,83.58,0.10%
2/8/2019,83.26,-0.38%
2/11/2019,83.34,0.10%
2/12/2019,83.6,0.31%
2/13/2019,83.52,-0.10%
2/14/2019,83.47,-0.06%
2/15/2019,83.925,0.55%
2/18/2019,84.1,0.21%
2/19/2019,84.1,0.00%
2/20/2019,84.1,0.00%
2/21/2019,83.54,-0.67%
2/22/2019,84.005,0.56%
2/25/2019,83.56,-0.53%
2/26/2019,83.64,0.10%
2/27/2019,83.4,-0.29%
2/28/2019,83.87,0.56%
3/1/2019,83.87,0.00%
3/4/2019,83.77,-0.12%
3/5/2019,83.56,-0.25%
3/6/2019,83.8,0.29%
3/7/2019,83.4,-0.48%
3/8/2019,83.32,-0.10%
3/11/2019,83.35,0.04%
3/12/2019,83.67,0.38%
3/13/2019,83.72,0.06%
3/14/2019,83.64,-0.10%
3/15/2019,83.95,0.37%
3/18/2019,83.68,-0.32%
3/19/2019,83.68,0.00%
3/20/2019,83.51,-0.20%
3/21/2019,83.44,-0.08%
3/22/2019,83.915,0.57%
3/25/2019,83.44,-0.57%
3/26/2019,83.94,0.60%
3/27/2019,83.51,-0.51%
3/28/2019,83.76,0.30%
3/29/2019,83.44,-0.38%
4/1/2019,83.6,0.19%
4/2/2019,83.77,0.20%
4/3/2019,83.85,0.10%
4/4/2019,83.57,-0.33%
4/5/2019,83.41,-0.19%
4/8/2019,83.97,0.67%
4/9/2019,83.62,-0.42%
4/10/2019,83.78,0.19%
4/11/2019,83.62,-0.19%
4/12/2019,84.095,0.57%
4/15/2019,84.02,-0.09%
4/16/2019,83.94,-0.10%
4/17/2019,84.34,0.48%
4/18/2019,83.94,-0.47%
4/19/2019,83.62,-0.38%
4/22/2019,83.94,0.38%
4/23/2019,83.86,-0.10%
4/24/2019,83.65,-0.25%
4/25/2019,83.55,-0.12%
4/26/2019,84.035,0.58%
4/29/2019,84.44,0.48%
4/30/2019,83.8,-0.76%
5/1/2019,84.265,0.55%
5/2/2019,84.27,0.01%
5/3/2019,84.27,0.00%
5/6/2019,84.44,0.20%
5/7/2019,84.17,-0.32%
5/8/2019,84.33,0.19%
5/9/2019,84.17,-0.19%
5/10/2019,83.69,-0.57%
5/13/2019,84.01,0.38%
5/14/2019,83.93,-0.10%
5/15/2019,83.69,-0.29%
5/16/2019,83.84,0.18%
5/17/2019,83.76,-0.10%
5/20/2019,83.93,0.20%
5/21/2019,84.01,0.10%
5/22/2019,83.85,-0.19%
5/23/2019,83.85,0.00%
5/24/2019,83.77,-0.10%
5/27/2019,84.49,0.86%
5/28/2019,83.77,-0.85%
5/29/2019,84.17,0.48%
5/30/2019,83.93,-0.29%
5/31/2019,84.41,0.57%
6/3/2019,84.25,-0.19%
6/4/2019,84.09,-0.19%
6/5/2019,84.16,0.08%
6/6/2019,84.08,-0.10%
6/7/2019,84.08,0.00%
6/10/2019,84.27,0.23%
6/11/2019,84.27,0.00%
6/12/2019,84.49,0.26%
6/13/2019,84.42,-0.08%
6/14/2019,84.42,0.00%
6/17/2019,84.42,0.00%
6/18/2019,84.42,0.00%
6/19/2019,84.42,0.00%
6/20/2019,84.41,-0.01%
6/21/2019,84.41,0.00%
6/24/2019,84.42,0.01%
6/25/2019,84.42,0.00%
6/26/2019,84.42,0.00%
6/27/2019,84.49,0.08%
6/28/2019,84.495,0.01%
7/1/2019,84.42,-0.09%
7/2/2019,84.42,0.00%
7/3/2019,84.49,0.08%
7/4/2019,84.49,0.00%
7/5/2019,84.495,0.01%
7/8/2019,84.42,-0.09%
7/9/2019,84.41,-0.01%
7/10/2019,84.42,0.01%
7/11/2019,84.49,0.08%
7/12/2019,84.495,0.01%
7/15/2019,84.42,-0.09%
7/16/2019,84.41,-0.01%
7/17/2019,84.41,0.00%
7/18/2019,84.25,-0.19%
7/19/2019,84.25,0.00%
7/22/2019,84.25,0.00%
7/23/2019,84.24,-0.01%
7/24/2019,84.25,0.01%
7/25/2019,84.24,-0.01%
7/26/2019,84.24,0.00%
7/29/2019,84.17,-0.08%
7/30/2019,84.17,0.00%
7/31/2019,84.25,0.10%
8/1/2019,84.25,0.00%
8/2/2019,84.25,0.00%
8/5/2019,84.25,0.00%
8/6/2019,84.25,0.00%
8/7/2019,84.25,0.00%
8/8/2019,84.25,0.00%
8/9/2019,84.25,0.00%
8/12/2019,84.25,0.00%
8/13/2019,84.25,0.00%
8/14/2019,84.25,0.00%
8/15/2019,84.25,0.00%
8/16/2019,84.25,0.00%
8/19/2019,84.25,0.00%
8/20/2019,84.25,0.00%
8/21/2019,84.25,0.00%
8/22/2019,84.25,0.00%
8/23/2019,84.25,0.00%
8/26/2019,84.49,0.28%
8/27/2019,84.49,0.00%
8/28/2019,84.49,0.00%
8/29/2019,84.49,0.00%
8/30/2019,84.495,0.01%
9/2/2019,84.49,-0.01%
9/3/2019,84.25,-0.28%
9/4/2019,84.49,0.28%
9/5/2019,84.25,-0.28%
9/6/2019,84.51,0.31%
9/9/2019,84.25,-0.31%
9/10/2019,84.25,0.00%
9/11/2019,84.25,0.00%
9/12/2019,84.25,0.00%
9/13/2019,84.25,0.00%
9/16/2019,84.25,0.00%
9/17/2019,84.25,0.00%
9/18/2019,84.25,0.00%
9/19/2019,84.25,0.00%
9/20/2019,84.25,0.00%
9/23/2019,84.25,0.00%
9/24/2019,84.25,0.00%
9/25/2019,84.25,0.00%
9/26/2019,84.25,0.00%
9/27/2019,84.55,0.36%
9/30/2019,84.49,-0.07%
10/1/2019,84.49,0.00%
10/2/2019,84.25,-0.28%
10/3/2019,84.25,0.00%
10/4/2019,84.25,0.00%
10/7/2019,84.25,0.00%
10/8/2019,84.25,0.00%
10/9/2019,84.25,0.00%
10/10/2019,84.5,0.30%
10/11/2019,84.5,0.00%
10/14/2019,84.69,0.22%
10/15/2019,84.5,-0.22%
10/16/2019,84.5,0.00%
10/17/2019,84.5,0.00%
10/18/2019,84.5,0.00%
10/21/2019,84.5,0.00%
10/22/2019,84.5,0.00%
10/23/2019,84.5,0.00%
10/24/2019,84.5,0.00%
10/25/2019,84.5,0.00%
10/28/2019,84.5,0.00%
10/29/2019,84.5,0.00%
10/30/2019,84.5,0.00%
10/31/2019,84.5,0.00%
11/1/2019,84.5,0.00%
11/4/2019,84.6,0.12%
11/5/2019,84.74,0.17%
11/6/2019,84.74,0.00%
11/7/2019,84.74,0.00%
11/8/2019,84.745,0.01%
11/11/2019,84.74,-0.01%
11/12/2019,84.6,-0.17%
11/13/2019,84.6,0.00%
11/14/2019,84.6,0.00%
11/15/2019,84.6,0.00%
11/18/2019,84.6,0.00%
11/19/2019,84.6,0.00%
11/20/2019,84.6,0.00%
11/21/2019,84.6,0.00%
11/22/2019,84.6,0.00%
11/25/2019,84.6,0.00%
11/26/2019,84.6,0.00%
11/27/2019,84.6,0.00%
11/28/2019,84.89,0.34%
11/29/2019,84.895,0.01%
12/2/2019,84.65,-0.29%
12/3/2019,84.6,-0.06%
12/4/2019,84.6,0.00%
12/5/2019,84.6,0.00%
12/6/2019,84.6,0.00%
12/9/2019,84.6,0.00%
12/10/2019,84.6,0.00%
12/11/2019,84.6,0.00%
12/12/2019,84.6,0.00%
12/13/2019,84.6,0.00%
12/16/2019,84.6,0.00%
12/17/2019,84.6,0.00%
12/18/2019,84.6,0.00%
12/19/2019,84.89,0.34%
12/20/2019,84.895,0.01%
12/23/2019,84.62,-0.32%
12/24/2019,84.6,-0.02%
12/25/2019,84.85,0.30%
12/26/2019,84.6,-0.29%
12/27/2019,84.93,0.39%
12/30/2019,84.89,-0.05%
12/31/2019,84.89,0.00%
1/1/2020,84.89,0.00%
1/2/2020,84.6,-0.34%
1/3/2020,84.6,0.00%
1/6/2020,84.6,0.00%
1/7/2020,84.6,0.00%
1/8/2020,84.6,0.00%
1/9/2020,84.6,0.00%
1/10/2020,84.6,0.00%
1/13/2020,84.89,0.34%
1/14/2020,84.6,-0.34%
1/15/2020,84.6,0.00%
1/16/2020,84.6,0.00%
1/17/2020,84.8,0.24%
1/20/2020,84.89,0.11%
1/21/2020,84.89,0.00%
1/22/2020,84.6,-0.34%
1/23/2020,84.6,0.00%
1/24/2020,84.6,0.00%
1/27/2020,84.6,0.00%
1/28/2020,84.6,0.00%
1/29/2020,84.6,0.00%
1/30/2020,84.6,0.00%
1/31/2020,84.6,0.00%
2/3/2020,84.6,0.00%
2/4/2020,84.65,0.06%
2/5/2020,84.7,0.06%
2/6/2020,84.65,-0.06%
2/7/2020,84.65,0.00%
2/10/2020,84.65,0.00%
2/11/2020,84.65,0.00%
2/12/2020,84.65,0.00%
2/13/2020,84.65,0.00%
2/14/2020,84.65,0.00%
2/17/2020,84.94,0.34%
2/18/2020,84.65,-0.34%
2/19/2020,84.65,0.00%
2/20/2020,84.65,0.00%
2/21/2020,84.65,0.00%
2/24/2020,84.65,0.00%
2/25/2020,84.65,0.00%
2/26/2020,84.7,0.06%
2/27/2020,84.65,-0.06%
2/28/2020,84.65,0.00%
3/2/2020,84.65,0.00%
3/3/2020,84.65,0.00%
3/4/2020,84.65,0.00%
3/5/2020,84.65,0.00%
3/6/2020,84.65,0.00%
3/9/2020,84.65,0.00%
3/10/2020,84.94,0.34%
3/11/2020,84.94,0.00%
3/12/2020,84.69,-0.29%
3/13/2020,84.65,-0.05%
3/16/2020,84.65,0.00%
3/17/2020,84.65,0.00%
3/18/2020,84.69,0.05%
3/19/2020,84.65,-0.05%
3/20/2020,84.65,0.00%
3/23/2020,84.65,0.00%
3/24/2020,84.65,0.00%
3/25/2020,84.67,0.02%
3/26/2020,84.67,0.00%
3/27/2020,84.67,0.00%
3/30/2020,84.67,0.00%
3/31/2020,84.67,0.00%
4/1/2020,84.67,0.00%
4/2/2020,84.67,0.00%
4/3/2020,84.67,0.00%
4/6/2020,84.65,-0.02%
4/7/2020,84.65,0.00%
4/8/2020,84.65,0.00%
4/9/2020,84.65,0.00%
4/13/2020,84.65,0.00%
4/14/2020,84.65,0.00%
4/15/2020,84.73,0.09%
4/16/2020,84.73,0.00%
4/17/2020,84.73,0.00%
4/20/2020,84.73,0.00%
4/21/2020,84.73,0.00%
4/22/2020,84.73,0.00%
4/23/2020,84.76,0.04%
4/24/2020,84.76,0.00%
4/27/2020,84.73,-0.04%
4/28/2020,84.73,0.00%
4/29/2020,84.73,0.00%
4/30/2020,84.78,0.06%
5/1/2020,84.78,0.00%
5/4/2020,84.73,-0.06%
5/5/2020,84.73,0.00%
5/6/2020,84.73,0.00%
5/7/2020,84.76,0.04%
5/8/2020,84.76,0.00%
5/11/2020,84.73,-0.04%
5/12/2020,84.73,0.00%
5/13/2020,84.73,0.00%
5/14/2020,84.73,0.00%
5/15/2020,84.73,0.00%
5/18/2020,84.94,0.25%
5/19/2020,84.73,-0.25%
5/20/2020,84.73,0.00%
5/21/2020,84.73,0.00%
5/22/2020,84.73,0.00%
5/26/2020,84.73,0.00%
5/27/2020,84.78,0.06%
5/28/2020,84.73,-0.06%
5/29/2020,84.73,0.00%
6/1/2020,84.73,0.00%
6/2/2020,84.78,0.06%
6/3/2020,84.73,-0.06%
6/4/2020,84.73,0.00%
6/5/2020,84.73,0.00%
6/8/2020,84.73,0.00%
6/9/2020,84.73,0.00%
6/10/2020,84.73,0.00%
6/11/2020,84.94,0.25%
6/15/2020,84.73,-0.25%
6/16/2020,84.73,0.00%
6/17/2020,84.73,0.00%
6/18/2020,84.73,0.00%
6/19/2020,84.73,0.00%
6/22/2020,84.73,0.00%
6/23/2020,84.73,0.00%
6/24/2020,84.73,0.00%
6/25/2020,84.73,0.00%
6/26/2020,84.73,0.00%
6/29/2020,84.73,0.00%
6/30/2020,84.73,0.00%
7/2/2020,84.84,0.13%
7/6/2020,84.73,-0.13%
7/7/2020,84.79,0.07%
7/8/2020,84.73,-0.07%
7/9/2020,84.73,0.00%
7/10/2020,84.73,0.00%
7/13/2020,84.63,-0.12%
7/14/2020,84.63,0.00%
7/15/2020,84.63,0.00%
7/16/2020,84.63,0.00%
7/17/2020,84.63,0.00%
7/20/2020,84.63,0.00%
7/21/2020,84.63,0.00%
7/22/2020,84.63,0.00%
7/23/2020,84.63,0.00%
7/24/2020,84.63,0.00%
7/27/2020,84.63,0.00%
7/28/2020,84.63,0.00%
7/29/2020,84.63,0.00%
7/30/2020,84.63,0.00%
7/31/2020,84.63,0.00%
8/3/2020,84.63,0.00%
8/4/2020,84.63,0.00%
8/5/2020,84.63,0.00%
8/6/2020,84.63,0.00%
8/7/2020,84.63,0.00%
8/10/2020,84.63,0.00%
8/11/2020,84.63,0.00%
8/12/2020,84.63,0.00%
8/13/2020,84.63,0.00%
8/17/2020,84.63,0.00%
8/18/2020,84.63,0.00%
8/19/2020,84.63,0.00%
8/20/2020,84.63,0.00%
8/21/2020,84.63,0.00%
8/24/2020,84.63,0.00%
8/25/2020,84.63,0.00%
8/26/2020,84.63,0.00%
8/27/2020,84.63,0.00%
8/28/2020,84.63,0.00%
8/31/2020,84.63,0.00%
9/1/2020,84.63,0.00%
9/2/2020,84.63,0.00%
9/3/2020,84.63,0.00%
9/4/2020,84.63,0.00%
9/7/2020,84.8,0.20%
9/8/2020,84.63,-0.20%
9/9/2020,84.63,0.00%
9/10/2020,84.63,0.00%
9/11/2020,84.63,0.00%
9/14/2020,84.63,0.00%
9/15/2020,84.63,0.00%
9/16/2020,84.63,0.00%
9/17/2020,84.8,0.20%
9/18/2020,84.63,-0.20%
9/21/2020,84.63,0.00%
9/22/2020,84.63,0.00%
9/23/2020,84.63,0.00%
9/24/2020,84.63,0.00%
9/25/2020,84.63,0.00%
9/28/2020,84.63,0.00%
9/29/2020,84.63,0.00%
9/30/2020,84.79,0.19%
10/1/2020,84.63,-0.19%
10/2/2020,84.63,0.00%
10/5/2020,84.63,0.00%
10/6/2020,84.63,0.00%
10/7/2020,84.63,0.00%
10/8/2020,84.63,0.00%
10/9/2020,84.63,0.00%
10/12/2020,84.79,0.19%
10/13/2020,84.63,-0.19%
10/14/2020,84.63,0.00%
10/15/2020,84.63,0.00%
10/16/2020,84.63,0.00%
10/19/2020,84.63,0.00%
10/20/2020,84.63,0.00%
10/21/2020,84.63,0.00%
10/22/2020,84.63,0.00%
10/23/2020,84.63,0.00%
10/26/2020,84.63,0.00%
10/27/2020,84.46,-0.20%
10/28/2020,84.15,-0.37%
10/29/2020,84.57,0.50%
10/30/2020,84.29,-0.33%
11/2/2020,84.17,-0.14%
11/3/2020,84.79,0.74%
11/4/2020,84.22,-0.67%
11/5/2020,84.43,0.25%
11/6/2020,84.37,-0.07%
11/9/2020,84.43,0.07%
11/10/2020,84.39,-0.05%
11/11/2020,84.4,0.01%
11/12/2020,84.37,-0.04%
11/13/2020,84.41,0.05%
11/16/2020,84.45,0.05%
11/17/2020,84.2,-0.30%
11/18/2020,84.29,0.11%
11/19/2020,84.33,0.05%
11/20/2020,84.565,0.28%
11/23/2020,84.41,-0.18%
11/24/2020,84.45,0.05%
11/25/2020,84.46,0.01%
11/26/2020,84.79,0.39%
11/27/2020,84.45,-0.40%
11/30/2020,84.46,0.01%
12/1/2020,84.36,-0.12%
12/2/2020,84.36,0.00%
12/3/2020,84.39,0.04%
12/4/2020,84.18,-0.25%
12/7/2020,84.45,0.32%
12/8/2020,84.4,-0.06%
12/9/2020,84.46,0.07%
12/10/2020,84.45,-0.01%
12/11/2020,84.5,0.06%
12/14/2020,84.39,-0.13%
12/15/2020,84.54,0.18%
12/16/2020,84.43,-0.13%
12/17/2020,84.63,0.24%
12/18/2020,84.18,-0.53%
12/21/2020,84.32,0.17%
12/22/2020,84.37,0.06%
12/23/2020,84.45,0.09%
12/24/2020,84.51,0.07%
12/28/2020,84.49,-0.02%
12/29/2020,84.46,-0.04%
12/30/2020,84.45,-0.01%
12/31/2020,84.27,-0.21%
1/1/2021,85.069,0.95%
1/4/2021,84.25,-0.96%
1/5/2021,84.29,0.05%
1/6/2021,84.79,0.59%
1/7/2021,84.33,-0.54%
1/8/2021,84.33,0.00%
1/11/2021,84.28,-0.06%
1/12/2021,84.29,0.01%
1/13/2021,84.15,-0.17%
1/14/2021,84.28,0.15%
1/18/2021,84.8,0.62%
1/19/2021,84.28,-0.61%
1/20/2021,84.29,0.01%
1/21/2021,84.79,0.59%
1/22/2021,84.15,-0.75%
1/25/2021,84.29,0.17%
1/26/2021,84.13,-0.19%
1/27/2021,84.58,0.53%
1/28/2021,84.54,-0.05%
1/29/2021,84.37,-0.20%
2/1/2021,84.79,0.50%
2/2/2021,84.45,-0.40%
2/3/2021,84.28,-0.20%
2/4/2021,84.54,0.31%
2/5/2021,84.03,-0.60%
2/8/2021,84.44,0.49%
2/9/2021,84.37,-0.08%
2/10/2021,84.79,0.50%
2/11/2021,84.54,-0.29%
2/12/2021,84.22,-0.38%
2/15/2021,84.63,0.49%
2/16/2021,84.11,-0.61%
2/17/2021,84.56,0.54%
2/18/2021,84.44,-0.14%
2/19/2021,84.27,-0.20%
2/22/2021,84.17,-0.12%
2/23/2021,84.37,0.24%
2/24/2021,84.62,0.30%
2/25/2021,84.79,0.20%
2/26/2021,84.62,-0.20%
3/1/2021,84.06,-0.66%
3/2/2021,84.45,0.46%
3/3/2021,84.45,0.00%
3/4/2021,84.79,0.40%
3/5/2021,84.62,-0.20%
3/8/2021,84.59,-0.04%
3/9/2021,84.59,0.00%
3/10/2021,84.54,-0.06%
3/11/2021,84.54,0.00%
3/12/2021,84.6,0.07%
3/15/2021,84.45,-0.18%
3/16/2021,84.79,0.40%
3/18/2021,84.18,-0.72%
3/19/2021,84.14,-0.05%
3/22/2021,84.39,0.30%
3/23/2021,84.37,-0.02%
3/24/2021,84.56,0.23%
3/25/2021,84.45,-0.13%
3/26/2021,84.03,-0.50%
3/29/2021,84.62,0.70%
3/30/2021,84.45,-0.20%
3/31/2021,84.37,-0.09%
4/1/2021,84.54,0.20%
4/2/2021,84.2,-0.40%
4/5/2021,84.39,0.23%
4/6/2021,84.62,0.27%
4/7/2021,84.62,0.00%
4/8/2021,84.43,-0.22%
4/9/2021,84.16,-0.32%
4/12/2021,84.35,0.23%
4/13/2021,84.62,0.32%
4/15/2021,84.62,0.00%
4/16/2021,84.28,-0.40%
4/19/2021,84.51,0.27%
4/20/2021,84.51,0.00%
4/21/2021,84.39,-0.14%
4/22/2021,84.51,0.14%
4/23/2021,84.17,-0.40%
4/26/2021,84.62,0.53%
4/27/2021,84.62,0.00%
4/28/2021,84.62,0.00%
4/29/2021,84.62,0.00%
4/30/2021,84.28,-0.40%
5/3/2021,84.62,0.40%
5/4/2021,84.62,0.00%
5/5/2021,84.29,-0.39%
5/6/2021,84.62,0.39%
5/7/2021,84.28,-0.40%
5/10/2021,84.45,0.20%
5/11/2021,84.39,-0.07%
5/12/2021,84.62,0.27%
5/13/2021,84.45,-0.20%
5/14/2021,84.06,-0.46%
5/17/2021,84.51,0.54%
5/18/2021,84.51,0.00%
5/19/2021,84.62,0.13%
5/20/2021,84.62,0.00%
5/21/2021,84.27,-0.41%
5/24/2021,84.39,0.14%
5/25/2021,84.51,0.14%
5/26/2021,84.23,-0.33%
5/27/2021,84.62,0.46%
5/28/2021,84.28,-0.40%
5/31/2021,84.54,0.31%
6/1/2021,84.4,-0.17%
6/2/2021,84.62,0.26%
6/3/2021,84.39,-0.27%
6/4/2021,84.01,-0.45%
6/7/2021,84.28,0.32%
6/8/2021,84.45,0.20%
6/9/2021,84.51,0.07%
6/10/2021,84.8,0.34%
6/11/2021,84.34,-0.54%
6/14/2021,84.39,0.06%
6/15/2021,84.62,0.27%
6/16/2021,84.63,0.01%
6/17/2021,84.62,-0.01%
6/18/2021,84.45,-0.20%
6/21/2021,84.51,0.07%
6/22/2021,84.39,-0.14%
6/23/2021,84.36,-0.04%
6/24/2021,84.51,0.18%
6/25/2021,84.2,-0.37%
6/28/2021,84.44,0.29%
6/29/2021,84.63,0.23%
6/30/2021,84.57,-0.07%
7/1/2021,84.4,-0.20%
7/2/2021,84.34,-0.07%
7/5/2021,84.63,0.34%
7/6/2021,84.42,-0.25%
7/7/2021,84.63,0.25%
7/8/2021,84.63,0.00%
7/9/2021,84.12,-0.60%
7/12/2021,84.51,0.46%
7/13/2021,84.8,0.34%
7/14/2021,84.8,0.00%
7/15/2021,84.8,0.00%
7/19/2021,84.79,-0.01%
7/22/2021,84.62,-0.20%
7/23/2021,84.14,-0.57%
7/26/2021,84.8,0.78%
7/27/2021,84.8,0.00%
7/28/2021,84.42,-0.45%
7/29/2021,84.46,0.05%
7/30/2021,84.25,-0.25%
8/2/2021,84.8,0.65%
8/3/2021,84.81,0.01%
8/5/2021,84.21,-0.71%
8/6/2021,84.17,-0.05%
8/9/2021,84.48,0.37%
8/10/2021,84.47,-0.01%
8/11/2021,84.33,-0.17%
8/12/2021,84.25,-0.09%
8/13/2021,84.08,-0.20%
8/16/2021,84.36,0.33%
8/17/2021,84.58,0.26%
8/18/2021,84.58,0.00%
8/19/2021,84.88,0.35%
8/20/2021,84.48,-0.47%
8/23/2021,84.81,0.39%
8/24/2021,84.74,-0.08%
8/25/2021,84.79,0.06%
8/26/2021,85.25,0.54%
8/27/2021,84.91,-0.40%
8/30/2021,84.69,-0.26%
8/31/2021,85.03,0.40%
9/1/2021,84.64,-0.46%
9/2/2021,84.98,0.40%
9/6/2021,85.15,0.20%
9/7/2021,84.54,-0.72%
9/8/2021,84.81,0.32%
9/9/2021,84.81,0.00%
9/10/2021,84.49,-0.38%
9/13/2021,84.98,0.58%
9/14/2021,85.2,0.26%
9/15/2021,84.74,-0.54%
9/16/2021,85.25,0.60%
9/17/2021,84.74,-0.60%
9/20/2021,84.63,-0.13%
9/21/2021,84.98,0.41%
9/22/2021,85.18,0.24%
9/23/2021,84.91,-0.32%
9/24/2021,84.61,-0.35%
9/27/2021,84.75,0.17%
9/28/2021,85.09,0.40%
9/29/2021,85.29,0.24%
9/30/2021,85.6,0.36%
10/1/2021,85.26,-0.40%
10/4/2021,85.24,-0.02%
10/5/2021,85.53,0.34%
10/6/2021,85.46,-0.08%
10/7/2021,85.37,-0.11%
10/8/2021,85.2,-0.20%
10/11/2021,85.55,0.41%
10/12/2021,85.24,-0.36%
10/13/2021,85.34,0.12%
10/14/2021,85.35,0.01%
10/15/2021,85.07,-0.33%
10/18/2021,85.45,0.45%
10/19/2021,85.35,-0.12%
10/20/2021,85.26,-0.11%
10/21/2021,85.49,0.27%
10/22/2021,85.26,-0.27%
10/25/2021,85.48,0.26%
10/26/2021,85.55,0.08%
10/27/2021,85.51,-0.05%
10/28/2021,85.56,0.06%
10/29/2021,85.41,-0.18%
11/1/2021,85.47,0.07%
11/2/2021,85.6,0.15%
11/3/2021,85.53,-0.08%
11/4/2021,85.57,0.05%
11/5/2021,85.39,-0.21%
11/8/2021,85.59,0.23%
11/9/2021,85.56,-0.04%
11/10/2021,85.66,0.12%
11/11/2021,85.75,0.11%
11/12/2021,85.57,-0.21%
11/15/2021,85.79,0.26%
11/16/2021,85.7,-0.10%
11/17/2021,85.56,-0.16%
11/18/2021,85.57,0.01%
11/19/2021,86.155,0.68%
11/22/2021,85.61,-0.63%
11/23/2021,85.6,-0.01%
11/24/2021,85.7,0.12%
11/25/2021,85.79,0.11%
11/26/2021,85.64,-0.17%
11/29/2021,85.62,-0.02%
11/30/2021,85.61,-0.01%
12/1/2021,85.61,0.00%
12/2/2021,85.62,0.01%
12/3/2021,85.44,-0.21%
12/6/2021,85.61,0.20%
12/7/2021,85.66,0.06%
12/8/2021,85.57,-0.11%
12/9/2021,85.66,0.11%
12/10/2021,85.5,-0.19%
12/13/2021,85.61,0.13%
12/14/2021,85.56,-0.06%
12/15/2021,85.7,0.16%
12/16/2021,85.52,-0.21%
12/17/2021,85.37,-0.18%
12/20/2021,85.7,0.39%
12/21/2021,85.62,-0.09%
12/22/2021,85.7,0.09%
12/23/2021,85.62,-0.09%
12/24/2021,85.57,-0.06%
12/27/2021,85.7,0.15%
12/28/2021,85.7,0.00%
12/29/2021,85.62,-0.09%
12/30/2021,85.62,0.00%
1/3/2022,85.62,0.00%
1/4/2022,85.7,0.09%
1/5/2022,85.57,-0.15%
1/6/2022,85.86,0.34%
1/7/2022,85.69,-0.20%
1/10/2022,85.8,0.13%
1/11/2022,85.8,0.00%
1/12/2022,85.86,0.07%
1/13/2022,85.81,-0.06%
1/17/2022,85.95,0.16%
1/18/2022,85.74,-0.24%
1/19/2022,85.86,0.14%
1/20/2022,85.86,0.00%
1/24/2022,85.8,-0.07%
1/25/2022,85.86,0.07%
1/26/2022,85.86,0.00%
1/27/2022,85.86,0.00%
1/31/2022,85.8,-0.07%
2/1/2022,85.95,0.17%
2/2/2022,85.8,-0.17%
2/3/2022,85.79,-0.01%
2/4/2022,85.7,-0.10%
2/7/2022,85.79,0.11%
2/8/2022,85.8,0.01%
2/9/2022,85.86,0.07%
2/10/2022,85.95,0.10%
2/11/2022,85.77,-0.21%
2/14/2022,85.8,0.03%
2/15/2022,85.76,-0.05%
2/16/2022,85.86,0.12%
2/17/2022,85.86,0.00%
2/18/2022,85.77,-0.10%
2/22/2022,85.78,0.01%
2/23/2022,85.86,0.09%
2/24/2022,85.95,0.10%
2/28/2022,85.77,-0.21%
3/1/2022,85.7,-0.08%
3/2/2022,85.78,0.09%
3/3/2022,85.91,0.15%
3/4/2022,85.74,-0.20%
3/7/2022,85.95,0.24%
3/8/2022,85.86,-0.10%
3/9/2022,85.91,0.06%
3/10/2022,85.91,0.00%
3/11/2022,85.82,-0.10%
3/14/2022,85.91,0.10%
3/15/2022,85.86,-0.06%
3/16/2022,86,0.16%
3/17/2022,85.91,-0.10%
3/21/2022,86,0.10%
3/22/2022,86.2,0.23%
3/23/2022,86.19,-0.01%
3/24/2022,86.11,-0.09%
3/25/2022,86.02,-0.10%
3/28/2022,86.11,0.10%
3/29/2022,86.2,0.10%
3/30/2022,86.2,0.00%
3/31/2022,86.2,0.00%
4/1/2022,86.11,-0.10%
4/4/2022,86.03,-0.09%
4/5/2022,86.1,0.08%
4/6/2022,86.01,-0.10%
4/7/2022,86.11,0.12%
4/8/2022,86.02,-0.10%
4/11/2022,85.94,-0.09%
4/12/2022,85.93,-0.01%
4/13/2022,86.11,0.21%
4/14/2022,85.94,-0.20%
4/18/2022,86.03,0.10%
4/19/2022,86.11,0.09%
4/20/2022,86.2,0.10%
4/21/2022,86.2,0.00%
4/22/2022,86.02,-0.21%
4/25/2022,86.11,0.10%
4/26/2022,86.36,0.29%
4/27/2022,86.36,0.00%
4/28/2022,86.36,0.00%
4/29/2022,86.36,0.00%
5/2/2022,86.27,-0.10%
5/3/2022,86.18,-0.10%
5/4/2022,86.27,0.10%
5/5/2022,86.36,0.10%
5/6/2022,86.18,-0.21%
5/9/2022,86.52,0.39%
5/10/2022,86.7,0.21%
5/11/2022,86.61,-0.10%
5/12/2022,86.7,0.10%
5/13/2022,86.61,-0.10%
5/16/2022,87.41,0.92%
5/17/2022,87.41,0.00%
5/18/2022,87.41,0.00%
5/19/2022,87.32,-0.10%
5/20/2022,87.14,-0.21%
5/23/2022,87.72,0.67%
5/24/2022,87.72,0.00%
5/25/2022,87.81,0.10%
5/26/2022,87.72,-0.10%
5/27/2022,87.63,-0.10%
5/30/2022,89,1.56%
5/31/2022,88.91,-0.10%
6/1/2022,88.91,0.00%
6/2/2022,88.91,0.00%
6/3/2022,88.82,-0.10%
6/6/2022,91.23,2.71%
6/7/2022,91.95,0.79%
6/8/2022,92.9,1.03%
6/9/2022,92.81,-0.10%
6/13/2022,93.76,1.02%
6/14/2022,93.67,-0.10%
6/15/2022,92.81,-0.92%
6/16/2022,92.9,0.10%
6/17/2022,92.81,-0.10%
6/20/2022,92.9,0.10%
6/21/2022,92.72,-0.19%
6/22/2022,92.86,0.15%
6/23/2022,92.63,-0.25%
6/27/2022,92.72,0.10%
6/28/2022,93.31,0.64%
6/29/2022,93.4,0.10%
6/30/2022,93.45,0.05%
7/4/2022,93.4,-0.05%
7/5/2022,93.36,-0.04%
7/6/2022,93.31,-0.05%
7/7/2022,93.36,0.05%
7/8/2022,93.18,-0.19%
7/11/2022,93,-0.19%
7/12/2022,93.4,0.43%
7/13/2022,93.81,0.44%
7/14/2022,93.9,0.10%
7/18/2022,93.63,-0.29%
7/19/2022,93.95,0.34%
7/20/2022,93.95,0.00%
7/21/2022,94.4,0.48%
7/22/2022,94.31,-0.10%
7/25/2022,94.22,-0.10%
7/26/2022,94.7,0.51%
7/27/2022,94.61,-0.10%
7/28/2022,94.53,-0.08%
7/29/2022,94.44,-0.10%
8/1/2022,94.61,0.18%
8/2/2022,94.7,0.10%
8/3/2022,94.7,0.00%
8/4/2022,94.53,-0.18%
8/5/2022,94.44,-0.10%
8/8/2022,94.7,0.28%
8/9/2022,94.61,-0.10%
8/10/2022,94.95,0.36%
8/11/2022,94.91,-0.04%
8/15/2022,94.82,-0.09%
8/16/2022,94.91,0.09%
8/17/2022,94.91,0.00%
8/18/2022,94.91,0.00%
8/19/2022,94.94,0.03%
8/22/2022,94.91,-0.03%
8/23/2022,94.89,-0.02%
8/24/2022,94.91,0.02%
8/25/2022,94.91,0.00%
8/26/2022,94.73,-0.19%
8/29/2022,94.91,0.19%
8/30/2022,95,0.09%
8/31/2022,94.91,-0.09%
9/1/2022,94.91,0.00%
9/2/2022,94.82,-0.09%
9/5/2022,94.91,0.09%
9/6/2022,94.91,0.00%
9/7/2022,95,0.09%
9/8/2022,95,0.00%
9/9/2022,94.91,-0.09%
9/12/2022,94.91,0.00%
9/13/2022,102.4,7.89%
9/14/2022,103.95,1.51%
9/15/2022,103.9,-0.05%
9/16/2022,103.8,-0.10%
9/19/2022,103.8,0.00%
9/20/2022,103.3,-0.48%
9/21/2022,103.2,-0.10%
9/22/2022,102.7,-0.48%
9/23/2022,102.6,-0.10%
9/26/2022,102.6,0.00%
9/27/2022,100.82,-1.73%
9/28/2022,102.3,1.47%
9/29/2022,101.2,-1.08%
9/30/2022,101.1,-0.10%
10/3/2022,101.5,0.40%
10/4/2022,101.6,0.10%
10/6/2022,102.9,1.28%
10/10/2022,101.26,-1.59%
10/11/2022,101.6,0.34%
10/12/2022,101.5,-0.10%
10/13/2022,102,0.49%
10/14/2022,101.9,-0.10%
10/17/2022,102.4,0.49%
10/18/2022,105.8,3.32%
10/19/2022,105.82,0.02%
10/20/2022,101.2,-4.37%
10/24/2022,101.5,0.30%
10/25/2022,105.2,3.65%
10/26/2022,101.4,-3.61%
10/27/2022,101.26,-0.14%
10/28/2022,101.1,-0.16%
10/31/2022,100.8,-0.30%
11/1/2022,100.8,0.00%
11/2/2022,101.7,0.89%
11/3/2022,102.7,0.98%
11/4/2022,102.65,-0.05%
11/7/2022,101.7,-0.93%
11/8/2022,101.33,-0.36%
11/9/2022,104.8,3.42%
11/10/2022,101.8,-2.86%
11/11/2022,101.7,-0.10%
11/14/2022,102.1,0.39%
11/15/2022,102.4,0.29%
11/16/2022,102.6,0.20%
11/17/2022,102.7,0.10%
11/18/2022,102.6,-0.10%
11/21/2022,102.8,0.19%
11/22/2022,102.2,-0.58%
11/23/2022,101.6,-0.59%
11/24/2022,101.8,0.20%
11/25/2022,101.7,-0.10%
11/28/2022,105,3.24%
11/29/2022,101.4,-3.43%
11/30/2022,101.5,0.10%
12/1/2022,102.3,0.79%
12/2/2022,102.2,-0.10%
12/5/2022,102.9,0.68%
12/6/2022,103.1,0.19%
12/7/2022,103.35,0.24%
12/8/2022,102.7,-0.63%
12/12/2022,103.6,0.88%
12/13/2022,103.7,0.10%
12/14/2022,103.1,-0.58%
12/15/2022,104.2,1.07%
12/16/2022,104.1,-0.10%
12/19/2022,105.7,1.54%
12/20/2022,102.5,-3.03%
12/21/2022,105.4,2.83%
12/22/2022,105.2,-0.19%
12/23/2022,105.2,0.00%
12/26/2022,103.95,-1.19%
12/27/2022,102.7,-1.20%
12/28/2022,105.4,2.63%
12/29/2022,102.6,-2.66%
12/30/2022,102.5,-0.10%
1/2/2023,105.95,3.37%
1/3/2023,103.35,-2.45%
1/4/2023,103.3,-0.05%
1/5/2023,103.5,0.19%
1/6/2023,103.4,-0.10%
1/9/2023,104.5,1.06%
1/10/2023,105,0.48%
1/11/2023,104.1,-0.86%
1/12/2023,104.14,0.04%
1/13/2023,104,-0.13%
1/16/2023,103.91,-0.09%
1/17/2023,103.7,-0.20%
1/18/2023,105.7,1.93%
1/19/2023,105.1,-0.57%
1/23/2023,105.5,0.38%
1/24/2023,106.2,0.66%
1/25/2023,104.6,-1.51%
1/26/2023,105.5,0.86%
1/27/2023,105.5,0.00%
1/30/2023,105.9,0.38%
1/31/2023,106.7,0.76%
2/1/2023,105.58,-1.05%
2/2/2023,107.3,1.63%
2/6/2023,106.22,-1.01%
2/7/2023,106.23,0.01%
2/8/2023,106.4,0.16%
2/9/2023,104.63,-1.66%
2/13/2023,106.85,2.12%
2/14/2023,107.1,0.23%
2/15/2023,106.2,-0.84%
2/16/2023,105.75,-0.42%
2/20/2023,106.15,0.38%
2/22/2023,106.63,0.45%
2/23/2023,106.59,-0.04%
2/27/2023,106.6,0.01%
2/28/2023,104.45,-2.02%
3/1/2023,104.42,-0.03%
3/2/2023,106.5,1.99%
3/6/2023,104.89,-1.51%
3/7/2023,105.23,0.32%
3/9/2023,105.37,0.13%
3/13/2023,105.43,0.06%
3/14/2023,105.54,0.10%
3/15/2023,105.4,-0.13%
3/16/2023,106.75,1.28%
3/20/2023,105.24,-1.41%
3/21/2023,106.51,1.21%
3/22/2023,105.06,-1.36%
3/23/2023,105.05,-0.01%
3/27/2023,105.04,-0.01%
3/28/2023,107.65,2.48%
3/29/2023,106.36,-1.20%
3/30/2023,107.2,0.79%
4/3/2023,105.24,-1.83%
4/4/2023,105.47,0.22%
4/5/2023,107.4,1.83%
4/6/2023,105.81,-1.48%
4/10/2023,106.16,0.33%
4/11/2023,106.28,0.11%
4/12/2023,106.34,0.06%
4/13/2023,106.37,0.03%
4/17/2023,106.25,-0.11%
4/18/2023,106.11,-0.13%
4/24/2023,106.1,-0.01%
4/25/2023,107.5,1.32%
4/26/2023,106.12,-1.28%
4/27/2023,106.1,-0.02%
5/2/2023,106.06,-0.04%
5/3/2023,106.44,0.36%
5/8/2023,106.93,0.46%
5/9/2023,107.74,0.76%
5/10/2023,107.33,-0.38%
5/11/2023,107.34,0.01%
